{
  "profile": "takeoff_0815",
  "event": "TAKEOFF",
  "threshold": 0.1308,
  "n_features": 136,
  "seed": 42,
  "note": "TAKEOFF best (Test PR-AUC\u22480.815) \u2014 TAKEOFF distances, NO early stopping.",
  "metrics": {
    "holdout_pr_auc": 0.8125471524043537,
    "holdout_roc_auc": 0.9911305991394744,
    "at_best": {
      "threshold": 0.1308,
      "precision": 0.5526315789473685,
      "recall": 0.9130434782608695,
      "fbeta": 0.8076923076923077,
      "tp": 63,
      "fp": 51,
      "fn": 6,
      "tn": 2418
    },
    "at_050": {
      "threshold": 0.5,
      "precision": 0.6493506493506493,
      "recall": 0.7246376811594203,
      "fbeta": 0.7082152974504249,
      "tp": 50,
      "fp": 27,
      "fn": 19,
      "tn": 2442
    }
  },
  "onnx_output_pos_index": 1,
  "onnx_output_name": "output_probability"
}