{
  "ax_mean": 0.1692594159586596,
  "ax_std": 0.2225865604614917,
  "ax_min": -0.8105144420309358,
  "ax_max": 1.7993576364154875,
  "ax_median": 0.1570572451168344,
  "ax_iqr": 0.2472980288186801,
  "ax_rms": 1.7862279611806036,
  "ax_range": 1.5425842671104308,
  "ax_skew": -0.0008136962689788,
  "ax_kurt": 0.3765678928103311,
  "ay_mean": 1.975206472437693,
  "ay_std": 0.2054458855874388,
  "ay_min": 0.5485546985441903,
  "ay_max": 3.1739407456318367,
  "ay_median": 1.925087242220965,
  "ay_iqr": 0.2266848189574908,
  "ay_rms": 3.086049762361077,
  "ay_range": 1.372197635777929,
  "ay_skew": 0.0140280113307102,
  "ay_kurt": 0.2549788264021431,
  "az_mean": 6.641079322939038,
  "az_std": 0.263567080193908,
  "az_min": 2.7851092551931145,
  "az_max": 9.168375498297008,
  "az_median": 6.915274999893699,
  "az_iqr": 0.2969615188010408,
  "az_rms": 7.882437473597626,
  "az_range": 1.918727371837312,
  "az_skew": -0.0097722418892172,
  "az_kurt": 0.5047643647876954,
  "amag_mean": 9.82708117048123,
  "amag_std": 0.250673334402855,
  "amag_min": 8.91284248436625,
  "amag_max": 10.83570423223969,
  "amag_median": 9.820940994808884,
  "amag_iqr": 0.250762617770869,
  "amag_rms": 9.833835546302645,
  "amag_range": 1.926062024773444,
  "amag_skew": 0.0956712362435538,
  "amag_kurt": 0.6566673064995743,
  "amag_halfdiff": -0.0003757979776697,
  "jerk_mean": 6.563572413276881,
  "jerk_std": 9.810638929887656,
  "jerk_rms": 9.810731682711726,
  "dyn_mean": 0.00032462754629,
  "dyn_std": 0.2207648812252095,
  "dyn_rms": 0.2229568810302134,
  "dyn_max": 0.9185895584006224,
  "dyn_range": 1.8182179804030163,
  "dyn_halfdiff": -8.843087804195947e-05,
  "dyn_skew": 0.0867647077533153,
  "dyn_kurt": 0.8830743339630831,
  "amag_peakcount": 39.0,
  "dyn_peakcount": 42.0,
  "pow_0.0_0.5": 0.0852249833066224,
  "pow_0.5_3.0": 0.1206337337314927,
  "pow_3.0_10.0": 0.3476330271954095,
  "dyn_pow_0.0_0.3": 0.0275211256275803,
  "dyn_pow_0.3_1.0": 0.0414977098072845,
  "dyn_pow_1.0_3.0": 0.093797988057478,
  "dyn_pow_3.0_8.0": 0.3025959875277582,
  "dyn_pow_8.0_15.0": 0.1396092318047316,
  "avert_mean": 0.0004702336287497,
  "avert_std": 0.1969080359665001,
  "avert_rms": 0.1969139690122079,
  "avert_peakcount": 29.0,
  "ahoriz_mean": 0.1867681059233196,
  "ahoriz_std": 0.1542796797892623,
  "ahoriz_rms": 0.2545543742920398,
  "ahoriz_peakcount": 27.0,
  "avert_to_ahoriz_ratio": 0.873614723134272,
  "p_mean": 924.2824785892576,
  "p_std": 0.0837629578288533,
  "p_min": 922.8239166331362,
  "p_max": 925.7972384903416,
  "p_median": 924.3606896406192,
  "p_iqr": 0.1007299069124201,
  "p_range": 0.3447214958019913,
  "p_skew": 0.0025871756239994,
  "p_kurt": -0.7559406603191619,
  "dpdt_mean": -4.999752496814835e-06,
  "dpdt_std": 0.0719536824138122,
  "p_slope": -9.385899686330556e-05,
  "h_mean": 432.0305441939588,
  "h_std": 0.7717417175751786,
  "h_min": 415.65113352835823,
  "h_max": 442.694085099866,
  "h_range": 3.1397257050068923,
  "h_slope": 0.00092703859158785,
  "dhdt_mean": -0.00049545161976975,
  "dhdt_std": 0.2482934383351256,
  "dhdt_maxabs": 0.9909146589362847,
  "plateau_frac": 0.55,
  "dhdt_zcr_ps": 0.1,
  "runlen_climb_s": 1.0,
  "runlen_descent_s": 1.0,
  "amag_thirddiff": -0.0005679207709281,
  "amag_ma10_mean": 9.829668500483908,
  "amag_ma10_std": 0.01777953559205505,
  "amag_ma10_range": 0.0707908771992755,
  "amag_ma10_thirddiff": -0.0002866129027472,
  "amag_var10_mean": 0.07113004252294594,
  "amag_var10_iqr": 0.027510917018526898,
  "p_ma30_mean": 924.4811495123199,
  "p_ma30_std": 0.0246143200260037,
  "p_ma30_slope": -1.3910359181864953e-05,
  "p_ma30_dt1_mean": -1.0949016537153967e-05,
  "p_ma30_dt1_std": 0.0038707748992736,
  "p_ma30_dt1_posfrac": 0.5,
  "amag_ratio_0.5_3__0_0.5": 1.3714791378336677,
  "dyn_ratio_1_3__0.3_1": 2.1514458587319107,
  "dyn_thirddiff": -0.0004884286714546,
  "h_thirddiff": 0.00985858760510865,
  "ax_r_mean": -0.0073334217294518,
  "ax_r_std": 0.0779491511814287,
  "ax_r_iqr": 0.0824896058926482,
  "ax_r_rms": 0.5677122662187696,
  "ax_r_range": 0.5536724013285189,
  "ay_r_mean": 0.0903739364650392,
  "ay_r_std": 0.0531321050079469,
  "ay_r_iqr": 0.0586797203996936,
  "ay_r_rms": 0.5621704946983914,
  "ay_r_range": 0.3685574770008233,
  "az_r_mean": 0.0474290612885703,
  "az_r_std": 0.0511908935063735,
  "az_r_iqr": 0.0549999799708634,
  "az_r_rms": 0.300593033416021,
  "az_r_range": 0.3916421829653588,
  "amag_r_mean": 1.1033398108899517,
  "amag_r_std": 0.0912442803627014,
  "amag_r_iqr": 0.0966966051325254,
  "amag_r_rms": 1.1255964171543744,
  "amag_r_range": 0.6335878092829256,
  "p_r_mean": 0.1666472748093511,
  "p_r_std": 0.00088003085850295,
  "p_r_iqr": 0.0010530821669057
}