{
  "ax_mean": 0.189388628627623,
  "ax_std": 0.2089327190218434,
  "ax_min": -0.7012804312354416,
  "ax_max": 1.457533998021889,
  "ax_median": 0.1867492293555246,
  "ax_iqr": 0.2496871005371239,
  "ax_rms": 1.5665384087869865,
  "ax_range": 1.4208544139514356,
  "ax_skew": -0.0030608317004,
  "ax_kurt": 0.3034759336353043,
  "ay_mean": 2.0732850463610166,
  "ay_std": 0.2140083358207224,
  "ay_min": 0.5315780492987053,
  "ay_max": 3.3701732446474826,
  "ay_median": 2.020482122984437,
  "ay_iqr": 0.2511468422222549,
  "ay_rms": 3.7756777511811808,
  "ay_range": 1.3845733444781525,
  "ay_skew": 0.015020872177017,
  "ay_kurt": 0.1963433137667012,
  "az_mean": 5.27230296347963,
  "az_std": 0.2430700994096933,
  "az_min": 2.015604638916156,
  "az_max": 7.912517019990332,
  "az_median": 5.565959507413394,
  "az_iqr": 0.2853837669550474,
  "az_rms": 7.107863998183891,
  "az_range": 1.7172502748818788,
  "az_skew": -0.0056021505341443,
  "az_kurt": 0.4126372035984231,
  "amag_mean": 9.820397667880256,
  "amag_std": 0.2485006435972523,
  "amag_min": 8.946535201823247,
  "amag_max": 10.736284238032225,
  "amag_median": 9.814474955808212,
  "amag_iqr": 0.270353368880631,
  "amag_rms": 9.826655299910998,
  "amag_range": 1.7874088236889616,
  "amag_skew": 0.0797610649444072,
  "amag_kurt": 0.4707418994066805,
  "amag_halfdiff": -0.000437036542948,
  "jerk_mean": 7.1004472741248925,
  "jerk_std": 10.221974094092158,
  "jerk_rms": 10.221974669585306,
  "dyn_mean": 0.0003570629730679,
  "dyn_std": 0.2194913633132124,
  "dyn_rms": 0.220899152742765,
  "dyn_max": 0.8391976523575178,
  "dyn_range": 1.6574569185874992,
  "dyn_halfdiff": -3.6566634212535816e-06,
  "dyn_skew": 0.0663840111605243,
  "dyn_kurt": 0.6363996260709248,
  "amag_peakcount": 39.0,
  "dyn_peakcount": 42.0,
  "pow_0.0_0.5": 0.0723619893500212,
  "pow_0.5_3.0": 0.1230987409827281,
  "pow_3.0_10.0": 0.2781642198676705,
  "dyn_pow_0.0_0.3": 0.0233334572630112,
  "dyn_pow_0.3_1.0": 0.0404694700696355,
  "dyn_pow_1.0_3.0": 0.0926913432575972,
  "dyn_pow_3.0_8.0": 0.2356558906965305,
  "dyn_pow_8.0_15.0": 0.1444875213781666,
  "avert_mean": 0.0004594877585954,
  "avert_std": 0.2125615027300372,
  "avert_rms": 0.2126731579844456,
  "avert_peakcount": 21.0,
  "ahoriz_mean": 0.1921044773094567,
  "ahoriz_std": 0.1416810637541685,
  "ahoriz_rms": 0.2515534757859146,
  "ahoriz_peakcount": 20.0,
  "avert_to_ahoriz_ratio": 0.8804654106703504,
  "p_mean": 944.7751571094652,
  "p_std": 0.08520822826849664,
  "p_min": 943.1487877224848,
  "p_max": 946.6931473211514,
  "p_median": 944.8429425303032,
  "p_iqr": 0.10258901608477794,
  "p_range": 0.3427257792050113,
  "p_skew": -5.974070438049819e-05,
  "p_kurt": -0.7519011921380032,
  "dpdt_mean": -2.113915581958281e-06,
  "dpdt_std": 0.0716053037027453,
  "p_slope": -7.175231362124712e-05,
  "h_mean": 287.6243366484097,
  "h_std": 0.7877565915995696,
  "h_min": 278.80718193719207,
  "h_max": 297.9640256958843,
  "h_range": 3.1303749413588378,
  "h_slope": 0.0007072801032362,
  "dhdt_mean": -0.000345227873395,
  "dhdt_std": 0.2387794314946716,
  "dhdt_maxabs": 0.9546141030731744,
  "plateau_frac": 0.54,
  "dhdt_zcr_ps": 0.1,
  "runlen_climb_s": 1.0,
  "runlen_descent_s": 1.0,
  "amag_thirddiff": -0.0006098999516801,
  "amag_ma10_mean": 9.822449968724314,
  "amag_ma10_std": 0.0179040038137019,
  "amag_ma10_range": 0.0705805286425853,
  "amag_ma10_thirddiff": -0.0003220753225541,
  "amag_var10_mean": 0.0675304343199023,
  "amag_var10_iqr": 0.0236756077321758,
  "p_ma30_mean": 944.7891028577252,
  "p_ma30_std": 0.026389395116071,
  "p_ma30_slope": 4.447315247546081e-05,
  "p_ma30_dt1_mean": 4.237888707621096e-05,
  "p_ma30_dt1_std": 0.0039120538320114,
  "p_ma30_dt1_posfrac": 0.51,
  "amag_ratio_0.5_3__0_0.5": 1.627734485122557,
  "dyn_ratio_1_3__0.3_1": 2.1656246266114216,
  "dyn_thirddiff": -0.0002296952493865,
  "h_thirddiff": 0.0088054995230777,
  "ax_r_mean": -0.0108557751552917,
  "ax_r_std": 0.10665785359054164,
  "ax_r_iqr": 0.1176781504310378,
  "ax_r_rms": 0.6916798745884903,
  "ax_r_range": 0.7655290204974841,
  "ay_r_mean": 0.0925401873447469,
  "ay_r_std": 0.0511771788894016,
  "ay_r_iqr": 0.055342514447080146,
  "ay_r_rms": 0.5282747325152848,
  "ay_r_range": 0.348100197460426,
  "az_r_mean": 0.02082761331146705,
  "az_r_std": 0.09663876542654945,
  "az_r_iqr": 0.10149749526374036,
  "az_r_rms": 0.35465245663607625,
  "az_r_range": 0.7487847141767178,
  "amag_r_mean": 1.2219388472383055,
  "amag_r_std": 0.12750912492511884,
  "amag_r_iqr": 0.14643499165694185,
  "amag_r_rms": 1.2867144467588019,
  "amag_r_range": 0.8867618431903161,
  "p_r_mean": 0.2513211519622653,
  "p_r_std": 0.0006255686296599,
  "p_r_iqr": 0.0007583541302547
}