{
  "profile": "landing_0776",
  "event": "LANDING",
  "threshold": 0.0924,
  "n_features": 136,
  "seed": 41,
  "note": "LANDING best replay (Test PR-AUC\u22480.776).",
  "metrics": {
    "holdout_pr_auc": 0.7738194047525535,
    "holdout_roc_auc": 0.986421651260582,
    "at_best": {
      "threshold": 0.0924,
      "precision": 0.49732620320855614,
      "recall": 0.8378378378378378,
      "fbeta": 0.7369255150554674,
      "tp": 93,
      "fp": 94,
      "fn": 18,
      "tn": 2824
    },
    "at_050": {
      "threshold": 0.5,
      "precision": 0.7551020408163265,
      "recall": 0.6666666666666666,
      "fbeta": 0.6826568265682657,
      "tp": 74,
      "fp": 24,
      "fn": 37,
      "tn": 2894
    }
  },
  "onnx_output_pos_index": 1,
  "onnx_output_name": "output_probability"
}